{"cameraMode":{"drawMode":0,"name":"Shaded","section":"Shading Mode"},"sceneLighting":false,"audioPlay":false,"sceneViewState":{"showFog":true,"showMaterialUpdate":true,"showSkybox":false,"showFlares":true,"showImageEffects":true,"showParticleSystems":true},"in2DMode":false,"pivot":{"x":0.7374064922332764,"y":0.6838653683662415,"z":-0.6251187324523926},"rotation":{"x":-0.06599504500627518,"y":-0.5354650020599365,"z":0.042009033262729648,"w":-0.8409339189529419},"size":3.900017023086548,"orthographic":false}