{"cameraMode":{"drawMode":0,"name":"Shaded","section":"Shading Mode"},"sceneLighting":false,"audioPlay":false,"sceneViewState":{"showFog":true,"showMaterialUpdate":false,"showSkybox":false,"showFlares":true,"showImageEffects":true,"showParticleSystems":true},"in2DMode":false,"pivot":{"x":-22.835481643676759,"y":2.391014575958252,"z":16.685495376586915},"rotation":{"x":-0.1329992264509201,"y":0.07781463861465454,"z":-0.010476050898432732,"w":-0.9880050420761108},"size":8.662254333496094,"orthographic":false}