{"cameraMode":{"drawMode":0,"name":"Shaded","section":"Shading Mode"},"sceneLighting":false,"audioPlay":false,"sceneViewState":{"showFog":true,"showMaterialUpdate":true,"showSkybox":false,"showFlares":true,"showImageEffects":true,"showParticleSystems":true},"in2DMode":false,"pivot":{"x":0.7864289283752441,"y":3.6088881492614748,"z":2.7830400466918947},"rotation":{"x":-0.18515117466449738,"y":-0.4631325900554657,"z":0.09958150237798691,"w":-0.8610017895698547},"size":3.163790225982666,"orthographic":false}