{"cameraMode":{"drawMode":0,"name":"Shaded","section":"Shading Mode"},"sceneLighting":false,"audioPlay":false,"sceneViewState":{"showFog":true,"showMaterialUpdate":true,"showSkybox":false,"showFlares":true,"showImageEffects":true,"showParticleSystems":true},"in2DMode":false,"pivot":{"x":0.4193558692932129,"y":2.5441455841064455,"z":-3.232043981552124},"rotation":{"x":-0.06113846227526665,"y":-0.790363073348999,"z":0.07994133234024048,"w":-0.6043266654014587},"size":3.784693479537964,"orthographic":false}