{"cameraMode":{"drawMode":0,"name":"Shaded","section":"Shading Mode"},"sceneLighting":false,"audioPlay":false,"sceneViewState":{"showFog":true,"showMaterialUpdate":true,"showSkybox":true,"showFlares":true,"showImageEffects":true,"showParticleSystems":true},"in2DMode":false,"pivot":{"x":-7.66083288192749,"y":111.20042419433594,"z":13.337428092956543},"rotation":{"x":-0.43545764684677126,"y":-0.09080734103918076,"z":0.0441974438726902,"w":-0.894579291343689},"size":1.8073949813842774,"orthographic":false}